Name,Email,Passport Number
James Smith,james.smith72@gmail.com,P12839402
Maria Garcia,maria.garcia15@outlook.com,P93847201
Robert Johnson,robert.johnson88@icloud.com,P47281930
Elena Ivanova,elena.ivanova42@tms.com,P28394051
John Williams,john.williams63@gmail.com,P50293847
Sarah Muller,sarah.muller21@outlook.com,P19283746
Michael Brown,michael.brown09@icloud.com,P74628193
Sofia Li,sofia.li55@tms.com,P38472619
David Jones,david.jones33@gmail.com,P82736451
Isabella Kim,isabella.kim90@outlook.com,P61524372
Christopher Lee,chris.lee11@icloud.com,P29384756
Elizabeth Wilson,liz.wilson77@tms.com,P48372615
Matthew Taylor,matt.taylor04@gmail.com,P10293847
Emma Davis,emma.davis29@outlook.com,P58472631
Daniel Moore,dan.moore56@icloud.com,P92837465
Chloe White,chloe.white12@tms.com,P37465829
Anthony Anderson,anth.anderson81@gmail.com,P71829345
Grace Thomas,grace.thomas38@outlook.com,P26374859
Andrew Harrison,andrew.harrison05@icloud.com,P59283741
Emily Clark,emily.clark64@tms.com,P83746251
Kevin Martinez,kevin.martinez@gmail.com,P94837261
Jessica Thompson,jess.thompson@outlook.com,P38472615
Thomas Wright,thomas.wright@icloud.com,P27364518
Ashley Walker,ashley.walker@tms.com,P84736251
Christopher Lopez,chris.lopez@gmail.com,P29384756
Taylor Scott,taylor.scott@outlook.com,P48372615
Justin Young,justin.young@icloud.com,P10293847
Amanda King,amanda.king@tms.com,P58472631
Samuel Wright,samuel.wright@gmail.com,P92837465
Hannah Hill,hannah.hill@outlook.com,P37465829
Brandon Adams,brandon.adams@icloud.com,P71829345
Olivia Baker,olivia.baker@tms.com,P26374859
Tyler Gonzalez,tyler.gonzalez@gmail.com,P59283741
Victoria Nelson,victoria.nelson@outlook.com,P83746251
Dylan Carter,dylan.carter@icloud.com,P12839402
Lauren Mitchell,lauren.mitchell@tms.com,P93847201
Austin Perez,austin.perez@gmail.com,P47281930
Megan Roberts,megan.roberts@outlook.com,P28394051
Jordan Turner,jordan.turner@icloud.com,P50293847
Kayla Phillips,kayla.phillips@tms.com,P19283746
Cameron Campbell,cameron.campbell@gmail.com,P74628193
Brianna Parker,brianna.parker@outlook.com,P38472619
Caleb Evans,caleb.evans@icloud.com,P82736451
Sydney Edwards,sydney.edwards@tms.com,P61524372
Isaac Collins,isaac.collins@gmail.com,P29384756
Allison Stewart,allison.stewart@outlook.com,P48372615
Wyatt Sanchez,wyatt.sanchez@icloud.com,P10293847
Kaitlyn Morris,kaitlyn.morris@tms.com,P58472631
Xavier Rogers,xavier.rogers@gmail.com,P92837465
Madeline Reed,madeline.reed@outlook.com,P37465829
Landon Cook,landon.cook@icloud.com,P71829345
Autumn Morgan,autumn.morgan@tms.com,P26374859
Evan Bell,evan.bell@gmail.com,P59283741
Ariana Murphy,ariana.murphy@outlook.com,P83746251
Dominic Rivera,dominic.rivera@icloud.com,P12839402
Faith Cooper,faith.cooper@tms.com,P93847201
Tristan Richardson,tristan.richardson@gmail.com,P47281930
Nevaeh Cox,nevaeh.cox@outlook.com,P28394051
Jeremiah Howard,jeremiah.howard@icloud.com,P50293847
Julianna Ward,julianna.ward@tms.com,P19283746
Josiah Torres,josiah.torres@gmail.com,P74628193
Serenity Peterson,serenity.peterson@outlook.com,P38472619
Adrian Gray,adrian.gray@icloud.com,P82736451
Peyton Ramirez,peyton.ramirez@tms.com,P61524372
Elias James,elias.james@gmail.com,P29384756
Genesis Watson,genesis.watson@outlook.com,P48372615
Colton Brooks,colton.brooks@icloud.com,P10293847
Valentina Kelly,valentina.kelly@tms.com,P58472631
Bentley Sanders,bentley.sanders@gmail.com,P92837465
Leilani Price,leilani.price@outlook.com,P37465829
Axel Bennett,axel.bennett@icloud.com,P71829345
Elena Wood,elena.wood@tms.com,P26374859
Ezekiel Barnes,ezekiel.barnes@gmail.com,P59283741
Aaliyah Ross,aaliyah.ross@outlook.com,P83746251
Jase Henderson,jase.henderson@icloud.com,P12839402
Mila Coleman,mila.coleman@tms.com,P93847201
Greyson Jenkins,greyson.jenkins@gmail.com,P47281930
Cora Perry,cora.perry@outlook.com,P28394051
Damian Powell,damian.powell@icloud.com,P50293847
Eliana Long,eliana.long@tms.com,P19283746
Silas Patterson,silas.patterson@gmail.com,P74628193
Kinsley Hughes,kinsley.hughes@outlook.com,P38472619
Kai Flores,kai.flores@icloud.com,P82736451
Adeline Washington,adeline.washington@tms.com,P61524372
Atlas Butler,atlas.butler@gmail.com,P29384756
Maya Simmons,maya.simmons@outlook.com,P48372615
Beckham Foster,beckham.foster@icloud.com,P10293847
Ivy Gonzales,ivy.gonzales@tms.com,P58472631
Ezra Bryant,ezra.bryant@gmail.com,P92837465
Rylee Alexander,rylee.alexander@outlook.com,P37465829
Finn Russell,finn.russell@icloud.com,P71829345
Kelsey Griffin,kelsey.griffin@tms.com,P26374859
Jasper Diaz,jasper.diaz@gmail.com,P59283741
Emery Hayes,emery.hayes@outlook.com,P83746251
Theo Myers,theo.myers@icloud.com,P12839402
Zara Ford,zara.ford@tms.com,P93847201
Arthur Hamilton,arthur.hamilton@gmail.com,P47281930
Lydia Graham,lydia.graham@outlook.com,P28394051
Felix Sullivan,felix.sullivan@icloud.com,P50293847
Aria Wallace,aria.wallace@tms.com,P19283746
Oliver Woods,oliver.woods@gmail.com,P74628193
